"ID","Name","Form","Type1","Type2","Total","HP","Attack","Defense","Sp. Atk","Sp. Def","Speed","Generation"
"1","Bulbasaur"," ","Grass","Poison","318","45","49","49","65","65","45","1"
"2","Ivysaur"," ","Grass","Poison","405","60","62","63","80","80","60","1"
"3","Venusaur"," ","Grass","Poison","525","80","82","83","100","100","80","1"
"4","Charmander"," ","Fire"," ","309","39","52","43","60","50","65","1"
"5","Charmeleon"," ","Fire"," ","405","58","64","58","80","65","80","1"
"6","Charizard"," ","Fire","Flying","534","78","84","78","109","85","100","1"
"7","Squirtle"," ","Water"," ","314","44","48","65","50","64","43","1"
"8","Wartortle"," ","Water"," ","405","59","63","80","65","80","58","1"
"9","Blastoise"," ","Water"," ","530","79","83","100","85","105","78","1"
"10","Caterpie"," ","Bug"," ","195","45","30","35","20","20","45","1"
"11","Metapod"," ","Bug"," ","205","50","20","55","25","25","30","1"
"12","Butterfree"," ","Bug","Flying","385","60","45","50","80","80","70","1"
"13","Weedle"," ","Bug","Poison","195","40","35","30","20","20","50","1"
"14","Kakuna"," ","Bug","Poison","205","45","25","50","25","25","35","1"
"15","Beedrill"," ","Bug","Poison","385","65","80","40","45","80","75","1"
"16","Pidgey"," ","Normal","Flying","251","40","45","40","35","35","56","1"
"17","Pidgeotto"," ","Normal","Flying","349","63","60","55","50","50","71","1"
"18","Pidgeot"," ","Normal","Flying","469","83","80","75","70","70","91","1"
"19","Rattata"," ","Normal"," ","253","30","56","35","25","35","72","1"
"20","Raticate"," ","Normal"," ","413","55","81","60","50","70","97","1"
"21","Spearow"," ","Normal","Flying","262","40","60","30","31","31","70","1"
"22","Fearow"," ","Normal","Flying","442","65","90","65","61","61","100","1"
"23","Ekans"," ","Poison"," ","288","35","60","44","40","54","55","1"
"24","Arbok"," ","Poison"," ","438","60","85","69","65","79","80","1"
"25","Pikachu"," ","Electric"," ","300","35","55","30","50","40","90","1"
"26","Raichu"," ","Electric"," ","475","60","90","55","90","80","100","1"
"27","Sandshrew"," ","Ground"," ","300","50","75","85","20","30","40","1"
"28","Sandslash"," ","Ground"," ","450","75","100","110","45","55","65","1"
"29","Nidoran","Female","Poison"," ","275","55","47","52","40","40","41","1"
"30","Nidorina"," ","Poison"," ","365","70","62","67","55","55","56","1"
"31","Nidoqueen"," ","Poison","Ground","495","90","82","87","75","85","76","1"
"32","Nidoran","Male","Poison"," ","273","46","57","40","40","40","50","1"
"33","Nidorino"," ","Poison"," ","365","61","72","57","55","55","65","1"
"34","Nidoking"," ","Poison","Ground","495","81","92","77","85","75","85","1"
"35","Clefairy"," ","Normal"," ","323","70","45","48","60","65","35","1"
"36","Clefable"," ","Normal"," ","473","95","70","73","85","90","60","1"
"37","Vulpix"," ","Fire"," ","299","38","41","40","50","65","65","1"
"38","Ninetales"," ","Fire"," ","505","73","76","75","81","100","100","1"
"39","Jigglypuff"," ","Normal"," ","270","115","45","20","45","25","20","1"
"40","Wigglytuff"," ","Normal"," ","425","140","70","45","75","50","45","1"
"41","Zubat"," ","Poison","Flying","245","40","45","35","30","40","55","1"
"42","Golbat"," ","Poison","Flying","455","75","80","70","65","75","90","1"
"43","Oddish"," ","Grass","Poison","320","45","50","55","75","65","30","1"
"44","Gloom"," ","Grass","Poison","395","60","65","70","85","75","40","1"
"45","Vileplume"," ","Grass","Poison","480","75","80","85","100","90","50","1"
"46","Paras"," ","Bug","Grass","285","35","70","55","45","55","25","1"
"47","Parasect"," ","Bug","Grass","405","60","95","80","60","80","30","1"
"48","Venonat"," ","Bug","Poison","305","60","55","50","40","55","45","1"
"49","Venomoth"," ","Bug","Poison","450","70","65","60","90","75","90","1"
"50","Diglett"," ","Ground"," ","265","10","55","25","35","45","95","1"
"51","Dugtrio"," ","Ground"," ","405","35","80","50","50","70","120","1"
"52","Meowth"," ","Normal"," ","290","40","45","35","40","40","90","1"
"53","Persian"," ","Normal"," ","440","65","70","60","65","65","115","1"
"54","Psyduck"," ","Water"," ","320","50","52","48","65","50","55","1"
"55","Golduck"," ","Water"," ","500","80","82","78","95","80","85","1"
"56","Mankey"," ","Fighting"," ","305","40","80","35","35","45","70","1"
"57","Primeape"," ","Fighting"," ","455","65","105","60","60","70","95","1"
"58","Growlithe"," ","Fire"," ","350","55","70","45","70","50","60","1"
"59","Arcanine"," ","Fire"," ","555","90","110","80","100","80","95","1"
"60","Poliwag"," ","Water"," ","300","40","50","40","40","40","90","1"
"61","Poliwhirl"," ","Water"," ","385","65","65","65","50","50","90","1"
"62","Poliwrath"," ","Water","Fighting","500","90","85","95","70","90","70","1"
"63","Abra"," ","Psychic"," ","310","25","20","15","105","55","90","1"
"64","Kadabra"," ","Psychic"," ","400","40","35","30","120","70","105","1"
"65","Alakazam"," ","Psychic"," ","490","55","50","45","135","85","120","1"
"66","Machop"," ","Fighting"," ","305","70","80","50","35","35","35","1"
"67","Machoke"," ","Fighting"," ","405","80","100","70","50","60","45","1"
"68","Machamp"," ","Fighting"," ","505","90","130","80","65","85","55","1"
"69","Bellsprout"," ","Grass","Poison","300","50","75","35","70","30","40","1"
"70","Weepinbell"," ","Grass","Poison","390","65","90","50","85","45","55","1"
"71","Victreebel"," ","Grass","Poison","480","80","105","65","100","60","70","1"
"72","Tentacool"," ","Water","Poison","335","40","40","35","50","100","70","1"
"73","Tentacruel"," ","Water","Poison","515","80","70","65","80","120","100","1"
"74","Geodude"," ","Rock","Ground","300","40","80","100","30","30","20","1"
"75","Graveler"," ","Rock","Ground","390","55","95","115","45","45","35","1"
"76","Golem"," ","Rock","Ground","485","80","110","130","55","65","45","1"
"77","Ponyta"," ","Fire"," ","410","50","85","55","65","65","90","1"
"78","Rapidash"," ","Fire"," ","500","65","100","70","80","80","105","1"
"79","Slowpoke"," ","Water","Psychic","315","90","65","65","40","40","15","1"
"80","Slowbro"," ","Water","Psychic","490","95","75","110","100","80","30","1"
"81","Magnemite"," ","Electric","Steel","325","25","35","70","95","55","45","1"
"82","Magneton"," ","Electric","Steel","465","50","60","95","120","70","70","1"
"83","Farfetch'd"," ","Normal","Flying","352","52","65","55","58","62","60","1"
"84","Doduo"," ","Normal","Flying","310","35","85","45","35","35","75","1"
"85","Dodrio"," ","Normal","Flying","460","60","110","70","60","60","100","1"
"86","Seel"," ","Water"," ","325","65","45","55","45","70","45","1"
"87","Dewgong"," ","Water","Ice","475","90","70","80","70","95","70","1"
"88","Grimer"," ","Poison"," ","325","80","80","50","40","50","25","1"
"89","Muk"," ","Poison"," ","500","105","105","75","65","100","50","1"
"90","Shellder"," ","Water"," ","305","30","65","100","45","25","40","1"
"91","Cloyster"," ","Water","Ice","525","50","95","180","85","45","70","1"
"92","Gastly"," ","Ghost","Poison","310","30","35","30","100","35","80","1"
"93","Haunter"," ","Ghost","Poison","405","45","50","45","115","55","95","1"
"94","Gengar"," ","Ghost","Poison","500","60","65","60","130","75","110","1"
"95","Onix"," ","Rock","Ground","385","35","45","160","30","45","70","1"
"96","Drowzee"," ","Psychic"," ","328","60","48","45","43","90","42","1"
"97","Hypno"," ","Psychic"," ","483","85","73","70","73","115","67","1"
"98","Krabby"," ","Water"," ","325","30","105","90","25","25","50","1"
"99","Kingler"," ","Water"," ","475","55","130","115","50","50","75","1"
"100","Voltorb"," ","Electric"," ","330","40","30","50","55","55","100","1"
"101","Electrode"," ","Electric"," ","480","60","50","70","80","80","140","1"
"102","Exeggcute"," ","Grass","Psychic","325","60","40","80","60","45","40","1"
"103","Exeggutor"," ","Grass","Psychic","520","95","95","85","125","65","55","1"
"104","Cubone"," ","Ground"," ","320","50","50","95","40","50","35","1"
"105","Marowak"," ","Ground"," ","425","60","80","110","50","80","45","1"
"106","Hitmonlee"," ","Fighting"," ","455","50","120","53","35","110","87","1"
"107","Hitmonchan"," ","Fighting"," ","455","50","105","79","35","110","76","1"
"108","Lickitung"," ","Normal"," ","385","90","55","75","60","75","30","1"
"109","Koffing"," ","Poison"," ","340","40","65","95","60","45","35","1"
"110","Weezing"," ","Poison"," ","490","65","90","120","85","70","60","1"
"111","Rhyhorn"," ","Ground","Rock","345","80","85","95","30","30","25","1"
"112","Rhydon"," ","Ground","Rock","485","105","130","120","45","45","40","1"
"113","Chansey"," ","Normal"," ","450","250","5","5","35","105","50","1"
"114","Tangela"," ","Grass"," ","435","65","55","115","100","40","60","1"
"115","Kangaskhan"," ","Normal"," ","490","105","95","80","40","80","90","1"
"116","Horsea"," ","Water"," ","295","30","40","70","70","25","60","1"
"117","Seadra"," ","Water"," ","440","55","65","95","95","45","85","1"
"118","Goldeen"," ","Water"," ","320","45","67","60","35","50","63","1"
"119","Seaking"," ","Water"," ","450","80","92","65","65","80","68","1"
"120","Staryu"," ","Water"," ","340","30","45","55","70","55","85","1"
"121","Starmie"," ","Water","Psychic","520","60","75","85","100","85","115","1"
"122","Mr. Mime"," ","Psychic"," ","460","40","45","65","100","120","90","1"
"123","Scyther"," ","Bug","Flying","500","70","110","80","55","80","105","1"
"124","Jynx"," ","Ice","Psychic","455","65","50","35","115","95","95","1"
"125","Electabuzz"," ","Electric"," ","490","65","83","57","95","85","105","1"
"126","Magmar"," ","Fire"," ","495","65","95","57","100","85","93","1"
"127","Pinsir"," ","Bug"," ","500","65","125","100","55","70","85","1"
"128","Tauros"," ","Normal"," ","490","75","100","95","40","70","110","1"
"129","Magikarp"," ","Water"," ","200","20","10","55","15","20","80","1"
"130","Gyarados"," ","Water","Flying","540","95","125","79","60","100","81","1"
"131","Lapras"," ","Water","Ice","535","130","85","80","85","95","60","1"
"132","Ditto"," ","Normal"," ","288","48","48","48","48","48","48","1"
"133","Eevee"," ","Normal"," ","325","55","55","50","45","65","55","1"
"134","Vaporeon"," ","Water"," ","525","130","65","60","110","95","65","1"
"135","Jolteon"," ","Electric"," ","525","65","65","60","110","95","130","1"
"136","Flareon"," ","Fire"," ","525","65","130","60","95","110","65","1"
"137","Porygon"," ","Normal"," ","395","65","60","70","85","75","40","1"
"138","Omanyte"," ","Rock","Water","355","35","40","100","90","55","35","1"
"139","Omastar"," ","Rock","Water","495","70","60","125","115","70","55","1"
"140","Kabuto"," ","Rock","Water","355","30","80","90","55","45","55","1"
"141","Kabutops"," ","Rock","Water","495","60","115","105","65","70","80","1"
"142","Aerodactyl"," ","Rock","Flying","515","80","105","65","60","75","130","1"
"143","Snorlax"," ","Normal"," ","540","160","110","65","65","110","30","1"
"144","Articuno"," ","Ice","Flying","580","90","85","100","95","125","85","1"
"145","Zapdos"," ","Electric","Flying","580","90","90","85","125","90","100","1"
"146","Moltres"," ","Fire","Flying","580","90","100","90","125","85","90","1"
"147","Dratini"," ","Dragon"," ","300","41","64","45","50","50","50","1"
"148","Dragonair"," ","Dragon"," ","420","61","84","65","70","70","70","1"
"149","Dragonite"," ","Dragon","Flying","600","91","134","95","100","100","80","1"
"150","Mewtwo"," ","Psychic"," ","680","106","110","90","154","90","130","1"
"151","Mew"," ","Psychic"," ","600","100","100","100","100","100","100","1"
"152","Chikorita"," ","Grass"," ","318","45","49","65","49","65","45","2"
"153","Bayleef"," ","Grass"," ","405","60","62","80","63","80","60","2"
"154","Meganium"," ","Grass"," ","525","80","82","100","83","100","80","2"
"155","Cyndaquil"," ","Fire"," ","309","39","52","43","60","50","65","2"
"156","Quilava"," ","Fire"," ","405","58","64","58","80","65","80","2"
"157","Typhlosion"," ","Fire"," ","534","78","84","78","109","85","100","2"
"158","Totodile"," ","Water"," ","314","50","65","64","44","48","43","2"
"159","Croconaw"," ","Water"," ","405","65","80","80","59","63","58","2"
"160","Feraligatr"," ","Water"," ","530","85","105","100","79","83","78","2"
"161","Sentret"," ","Normal"," ","215","35","46","34","35","45","20","2"
"162","Furret"," ","Normal"," ","415","85","76","64","45","55","90","2"
"163","Hoothoot"," ","Normal","Flying","262","60","30","30","36","56","50","2"
"164","Noctowl"," ","Normal","Flying","442","100","50","50","76","96","70","2"
"165","Ledyba"," ","Bug","Flying","265","40","20","30","40","80","55","2"
"166","Ledian"," ","Bug","Flying","390","55","35","50","55","110","85","2"
"167","Spinarak"," ","Bug","Poison","250","40","60","40","40","40","30","2"
"168","Ariados"," ","Bug","Poison","390","70","90","70","60","60","40","2"
"169","Crobat"," ","Poison","Flying","535","85","90","80","70","80","130","2"
"170","Chinchou"," ","Water","Electric","330","75","38","38","56","56","67","2"
"171","Lanturn"," ","Water","Electric","460","125","58","58","76","76","67","2"
"172","Pichu"," ","Electric"," ","205","20","40","15","35","35","60","2"
"173","Cleffa"," ","Normal"," ","218","50","25","28","45","55","15","2"
"174","Igglybuff"," ","Normal"," ","210","90","30","15","40","20","15","2"
"175","Togepi"," ","Normal"," ","245","35","20","65","40","65","20","2"
"176","Togetic"," ","Normal","Flying","405","55","40","85","80","105","40","2"
"177","Natu"," ","Psychic","Flying","320","40","50","45","70","45","70","2"
"178","Xatu"," ","Psychic","Flying","470","65","75","70","95","70","95","2"
"179","Mareep"," ","Electric"," ","280","55","40","40","65","45","35","2"
"180","Flaaffy"," ","Electric"," ","365","70","55","55","80","60","45","2"
"181","Ampharos"," ","Electric"," ","500","90","75","75","115","90","55","2"
"182","Bellossom"," ","Grass"," ","480","75","80","85","90","100","50","2"
"183","Marill"," ","Water"," ","250","70","20","50","20","50","40","2"
"184","Azumarill"," ","Water"," ","410","100","50","80","50","80","50","2"
"185","Sudowoodo"," ","Rock"," ","410","70","100","115","30","65","30","2"
"186","Politoed"," ","Water"," ","500","90","75","75","90","100","70","2"
"187","Hoppip"," ","Grass","Flying","250","35","35","40","35","55","50","2"
"188","Skiploom"," ","Grass","Flying","340","55","45","50","45","65","80","2"
"189","Jumpluff"," ","Grass","Flying","450","75","55","70","55","85","110","2"
"190","Aipom"," ","Normal"," ","360","55","70","55","40","55","85","2"
"191","Sunkern"," ","Grass"," ","180","30","30","30","30","30","30","2"
"192","Sunflora"," ","Grass"," ","425","75","75","55","105","85","30","2"
"193","Yanma"," ","Bug","Flying","390","65","65","45","75","45","95","2"
"194","Wooper"," ","Water","Ground","210","55","45","45","25","25","15","2"
"195","Quagsire"," ","Water","Ground","430","95","85","85","65","65","35","2"
"196","Espeon"," ","Psychic"," ","525","65","65","60","130","95","110","2"
"197","Umbreon"," ","Dark"," ","525","95","65","110","60","130","65","2"
"198","Murkrow"," ","Dark","Flying","405","60","85","42","85","42","91","2"
"199","Slowking"," ","Water","Psychic","490","95","75","80","100","110","30","2"
"200","Misdreavus"," ","Ghost"," ","435","60","60","60","85","85","85","2"
"201","Unown"," ","Psychic"," ","336","48","72","48","72","48","48","2"
"202","Wobbuffet"," ","Psychic"," ","405","190","33","58","33","58","33","2"
"203","Girafarig"," ","Normal","Psychic","455","70","80","65","90","65","85","2"
"204","Pineco"," ","Bug"," ","290","50","65","90","35","35","15","2"
"205","Forretress"," ","Bug","Steel","465","75","90","140","60","60","40","2"
"206","Dunsparce"," ","Normal"," ","415","100","70","70","65","65","45","2"
"207","Gligar"," ","Ground","Flying","430","65","75","105","35","65","85","2"
"208","Steelix"," ","Steel","Ground","510","75","85","200","55","65","30","2"
"209","Snubbull"," ","Normal"," ","300","60","80","50","40","40","30","2"
"210","Granbull"," ","Normal"," ","450","90","120","75","60","60","45","2"
"211","Qwilfish"," ","Water","Poison","430","65","95","75","55","55","85","2"
"212","Scizor"," ","Bug","Steel","500","70","130","100","55","80","65","2"
"213","Shuckle"," ","Bug","Rock","505","20","10","230","10","230","5","2"
"214","Heracross"," ","Bug","Fighting","500","80","125","75","40","95","85","2"
"215","Sneasel"," ","Dark","Ice","430","55","95","55","35","75","115","2"
"216","Teddiursa"," ","Normal"," ","330","60","80","50","50","50","40","2"
"217","Ursaring"," ","Normal"," ","500","90","130","75","75","75","55","2"
"218","Slugma"," ","Fire"," ","250","40","40","40","70","40","20","2"
"219","Magcargo"," ","Fire","Rock","410","50","50","120","80","80","30","2"
"220","Swinub"," ","Ice","Ground","250","50","50","40","30","30","50","2"
"221","Piloswine"," ","Ice","Ground","450","100","100","80","60","60","50","2"
"222","Corsola"," ","Water","Rock","380","55","55","85","65","85","35","2"
"223","Remoraid"," ","Water"," ","300","35","65","35","65","35","65","2"
"224","Octillery"," ","Water"," ","480","75","105","75","105","75","45","2"
"225","Delibird"," ","Ice","Flying","330","45","55","45","65","45","75","2"
"226","Mantine"," ","Water","Flying","465","65","40","70","80","140","70","2"
"227","Skarmory"," ","Steel","Flying","465","65","80","140","40","70","70","2"
"228","Houndour"," ","Dark","Fire","330","45","60","30","80","50","65","2"
"229","Houndoom"," ","Dark","Fire","500","75","90","50","110","80","95","2"
"230","Kingdra"," ","Water","Dragon","540","75","95","95","95","95","85","2"
"231","Phanpy"," ","Ground"," ","330","90","60","60","40","40","40","2"
"232","Donphan"," ","Ground"," ","500","90","120","120","60","60","50","2"
"233","Porygon2"," ","Normal"," ","515","85","80","90","105","95","60","2"
"234","Stantler"," ","Normal"," ","465","73","95","62","85","65","85","2"
"235","Smeargle"," ","Normal"," ","250","55","20","35","20","45","75","2"
"236","Tyrogue"," ","Fighting"," ","210","35","35","35","35","35","35","2"
"237","Hitmontop"," ","Fighting"," ","455","50","95","95","35","110","70","2"
"238","Smoochum"," ","Ice","Psychic","305","45","30","15","85","65","65","2"
"239","Elekid"," ","Electric"," ","360","45","63","37","65","55","95","2"
"240","Magby"," ","Fire"," ","365","45","75","37","70","55","83","2"
"241","Miltank"," ","Normal"," ","490","95","80","105","40","70","100","2"
"242","Blissey"," ","Normal"," ","540","255","10","10","75","135","55","2"
"243","Raikou"," ","Electric"," ","580","90","85","75","115","100","115","2"
"244","Entei"," ","Fire"," ","580","115","115","85","90","75","100","2"
"245","Suicune"," ","Water"," ","580","100","75","115","90","115","85","2"
"246","Larvitar"," ","Rock","Ground","300","50","64","50","45","50","41","2"
"247","Pupitar"," ","Rock","Ground","410","70","84","70","65","70","51","2"
"248","Tyranitar"," ","Rock","Dark","600","100","134","110","95","100","61","2"
"249","Lugia"," ","Psychic","Flying","680","106","90","130","90","154","110","2"
"250","Ho-oh"," ","Fire","Flying","680","106","130","90","110","154","90","2"
"251","Celebi"," ","Psychic","Grass","600","100","100","100","100","100","100","2"
"252","Treecko"," ","Grass"," ","310","40","45","35","65","55","70","3"
"253","Grovyle"," ","Grass"," ","405","50","65","45","85","65","95","3"
"254","Sceptile"," ","Grass"," ","530","70","85","65","105","85","120","3"
"255","Torchic"," ","Fire"," ","310","45","60","40","70","50","45","3"
"256","Combusken"," ","Fire","Fighting","405","60","85","60","85","60","55","3"
"257","Blaziken"," ","Fire","Fighting","530","80","120","70","110","70","80","3"
"258","Mudkip"," ","Water"," ","310","50","70","50","50","50","40","3"
"259","Marshtomp"," ","Water","Ground","405","70","85","70","60","70","50","3"
"260","Swampert"," ","Water","Ground","535","100","110","90","85","90","60","3"
"261","Poochyena"," ","Dark"," ","220","35","55","35","30","30","35","3"
"262","Mightyena"," ","Dark"," ","420","70","90","70","60","60","70","3"
"263","Zigzagoon"," ","Normal"," ","240","38","30","41","30","41","60","3"
"264","Linoone"," ","Normal"," ","420","78","70","61","50","61","100","3"
"265","Wurmple"," ","Bug"," ","195","45","45","35","20","30","20","3"
"266","Silcoon"," ","Bug"," ","205","50","35","55","25","25","15","3"
"267","Beautifly"," ","Bug","Flying","385","60","70","50","90","50","65","3"
"268","Cascoon"," ","Bug"," ","205","50","35","55","25","25","15","3"
"269","Dustox"," ","Bug","Poison","385","60","50","70","50","90","65","3"
"270","Lotad"," ","Water","Grass","220","40","30","30","40","50","30","3"
"271","Lombre"," ","Water","Grass","340","60","50","50","60","70","50","3"
"272","Ludicolo"," ","Water","Grass","480","80","70","70","90","100","70","3"
"273","Seedot"," ","Grass"," ","220","40","40","50","30","30","30","3"
"274","Nuzleaf"," ","Grass","Dark","340","70","70","40","60","40","60","3"
"275","Shiftry"," ","Grass","Dark","480","90","100","60","90","60","80","3"
"276","Taillow"," ","Normal","Flying","270","40","55","30","30","30","85","3"
"277","Swellow"," ","Normal","Flying","430","60","85","60","50","50","125","3"
"278","Wingull"," ","Water","Flying","270","40","30","30","55","30","85","3"
"279","Pelipper"," ","Water","Flying","430","60","50","100","85","70","65","3"
"280","Ralts"," ","Psychic"," ","198","28","25","25","45","35","40","3"
"281","Kirlia"," ","Psychic"," ","278","38","35","35","65","55","50","3"
"282","Gardevoir"," ","Psychic"," ","518","68","65","65","125","115","80","3"
"283","Surskit"," ","Bug","Water","269","40","30","32","50","52","65","3"
"284","Masquerain"," ","Bug","Flying","414","70","60","62","80","82","60","3"
"285","Shroomish"," ","Grass"," ","295","60","40","60","40","60","35","3"
"286","Breloom"," ","Grass","Fighting","460","60","130","80","60","60","70","3"
"287","Slakoth"," ","Normal"," ","280","60","60","60","35","35","30","3"
"288","Vigoroth"," ","Normal"," ","440","80","80","80","55","55","90","3"
"289","Slaking"," ","Normal"," ","670","150","160","100","95","65","100","3"
"290","Nincada"," ","Bug","Ground","266","31","45","90","30","30","40","3"
"291","Ninjask"," ","Bug","Flying","456","61","90","45","50","50","160","3"
"292","Shedinja"," ","Bug","Ghost","236","1","90","45","30","30","40","3"
"293","Whismur"," ","Normal"," ","240","64","51","23","51","23","28","3"
"294","Loudred"," ","Normal"," ","360","84","71","43","71","43","48","3"
"295","Exploud"," ","Normal"," ","480","104","91","63","91","63","68","3"
"296","Makuhita"," ","Fighting"," ","237","72","60","30","20","30","25","3"
"297","Hariyama"," ","Fighting"," ","474","144","120","60","40","60","50","3"
"298","Azurill"," ","Normal"," ","190","50","20","40","20","40","20","3"
"299","Nosepass"," ","Rock"," ","375","30","45","135","45","90","30","3"
"300","Skitty"," ","Normal"," ","260","50","45","45","35","35","50","3"
"301","Delcatty"," ","Normal"," ","380","70","65","65","55","55","70","3"
"302","Sableye"," ","Dark","Ghost","380","50","75","75","65","65","50","3"
"303","Mawile"," ","Steel"," ","380","50","85","85","55","55","50","3"
"304","Aron"," ","Steel","Rock","330","50","70","100","40","40","30","3"
"305","Lairon"," ","Steel","Rock","430","60","90","140","50","50","40","3"
"306","Aggron"," ","Steel","Rock","530","70","110","180","60","60","50","3"
"307","Meditite"," ","Fighting","Psychic","280","30","40","55","40","55","60","3"
"308","Medicham"," ","Fighting","Psychic","410","60","60","75","60","75","80","3"
"309","Electrike"," ","Electric"," ","295","40","45","40","65","40","65","3"
"310","Manectric"," ","Electric"," ","475","70","75","60","105","60","105","3"
"311","Plusle"," ","Electric"," ","405","60","50","40","85","75","95","3"
"312","Minun"," ","Electric"," ","405","60","40","50","75","85","95","3"
"313","Volbeat"," ","Bug"," ","400","65","73","55","47","75","85","3"
"314","Illumise"," ","Bug"," ","400","65","47","55","73","75","85","3"
"315","Roselia"," ","Grass","Poison","400","50","60","45","100","80","65","3"
"316","Gulpin"," ","Poison"," ","302","70","43","53","43","53","40","3"
"317","Swalot"," ","Poison"," ","467","100","73","83","73","83","55","3"
"318","Carvanha"," ","Water","Dark","305","45","90","20","65","20","65","3"
"319","Sharpedo"," ","Water","Dark","460","70","120","40","95","40","95","3"
"320","Wailmer"," ","Water"," ","400","130","70","35","70","35","60","3"
"321","Wailord"," ","Water"," ","500","170","90","45","90","45","60","3"
"322","Numel"," ","Fire","Ground","305","60","60","40","65","45","35","3"
"323","Camerupt"," ","Fire","Ground","460","70","100","70","105","75","40","3"
"324","Torkoal"," ","Fire"," ","470","70","85","140","85","70","20","3"
"325","Spoink"," ","Psychic"," ","330","60","25","35","70","80","60","3"
"326","Grumpig"," ","Psychic"," ","470","80","45","65","90","110","80","3"
"327","Spinda"," ","Normal"," ","360","60","60","60","60","60","60","3"
"328","Trapinch"," ","Ground"," ","290","45","100","45","45","45","10","3"
"329","Vibrava"," ","Ground","Dragon","340","50","70","50","50","50","70","3"
"330","Flygon"," ","Ground","Dragon","520","80","100","80","80","80","100","3"
"331","Cacnea"," ","Grass"," ","335","50","85","40","85","40","35","3"
"332","Cacturne"," ","Grass","Dark","475","70","115","60","115","60","55","3"
"333","Swablu"," ","Normal","Flying","310","45","40","60","40","75","50","3"
"334","Altaria"," ","Dragon","Flying","490","75","70","90","70","105","80","3"
"335","Zangoose"," ","Normal"," ","458","73","115","60","60","60","90","3"
"336","Seviper"," ","Poison"," ","458","73","100","60","100","60","65","3"
"337","Lunatone"," ","Rock","Psychic","440","70","55","65","95","85","70","3"
"338","Solrock"," ","Rock","Psychic","440","70","95","85","55","65","70","3"
"339","Barboach"," ","Water","Ground","288","50","48","43","46","41","60","3"
"340","Whiscash"," ","Water","Ground","468","110","78","73","76","71","60","3"
"341","Corphish"," ","Water"," ","308","43","80","65","50","35","35","3"
"342","Crawdaunt"," ","Water","Dark","468","63","120","85","90","55","55","3"
"343","Baltoy"," ","Ground","Psychic","300","40","40","55","40","70","55","3"
"344","Claydol"," ","Ground","Psychic","500","60","70","105","70","120","75","3"
"345","Lileep"," ","Rock","Grass","355","66","41","77","61","87","23","3"
"346","Cradily"," ","Rock","Grass","495","86","81","97","81","107","43","3"
"347","Anorith"," ","Rock","Bug","355","45","95","50","40","50","75","3"
"348","Armaldo"," ","Rock","Bug","495","75","125","100","70","80","45","3"
"349","Feebas"," ","Water"," ","200","20","15","20","10","55","80","3"
"350","Milotic"," ","Water"," ","540","95","60","79","100","125","81","3"
"351","Castform"," ","Normal"," ","420","70","70","70","70","70","70","3"
"351","Castform","Sunny Form","Fire"," ","420","70","70","70","70","70","70","3"
"351","Castform","Rainy Form","Water"," ","420","70","70","70","70","70","70","3"
"351","Castform","Snowy Form","Ice"," ","420","70","70","70","70","70","70","3"
"352","Kecleon"," ","Normal"," ","440","60","90","70","60","120","40","3"
"353","Shuppet"," ","Ghost"," ","295","44","75","35","63","33","45","3"
"354","Banette"," ","Ghost"," ","455","64","115","65","83","63","65","3"
"355","Duskull"," ","Ghost"," ","295","20","40","90","30","90","25","3"
"356","Dusclops"," ","Ghost"," ","455","40","70","130","60","130","25","3"
"357","Tropius"," ","Grass","Flying","460","99","68","83","72","87","51","3"
"358","Chimecho"," ","Psychic"," ","425","65","50","70","95","80","65","3"
"359","Absol"," ","Dark"," ","465","65","130","60","75","60","75","3"
"360","Wynaut"," ","Psychic"," ","260","95","23","48","23","48","23","3"
"361","Snorunt"," ","Ice"," ","300","50","50","50","50","50","50","3"
"362","Glalie"," ","Ice"," ","480","80","80","80","80","80","80","3"
"363","Spheal"," ","Ice","Water","290","70","40","50","55","50","25","3"
"364","Sealeo"," ","Ice","Water","410","90","60","70","75","70","45","3"
"365","Walrein"," ","Ice","Water","530","110","80","90","95","90","65","3"
"366","Clamperl"," ","Water"," ","345","35","64","85","74","55","32","3"
"367","Huntail"," ","Water"," ","485","55","104","105","94","75","52","3"
"368","Gorebyss"," ","Water"," ","485","55","84","105","114","75","52","3"
"369","Relicanth"," ","Water","Rock","485","100","90","130","45","65","55","3"
"370","Luvdisc"," ","Water"," ","330","43","30","55","40","65","97","3"
"371","Bagon"," ","Dragon"," ","300","45","75","60","40","30","50","3"
"372","Shelgon"," ","Dragon"," ","420","65","95","100","60","50","50","3"
"373","Salamence"," ","Dragon","Flying","600","95","135","80","110","80","100","3"
"374","Beldum"," ","Steel","Psychic","300","40","55","80","35","60","30","3"
"375","Metang"," ","Steel","Psychic","420","60","75","100","55","80","50","3"
"376","Metagross"," ","Steel","Psychic","600","80","135","130","95","90","70","3"
"377","Regirock"," ","Rock"," ","580","80","100","200","50","100","50","3"
"378","Regice"," ","Ice"," ","580","80","50","100","100","200","50","3"
"379","Registeel"," ","Steel"," ","580","80","75","150","75","150","50","3"
"380","Latias"," ","Dragon","Psychic","600","80","80","90","110","130","110","3"
"381","Latios"," ","Dragon","Psychic","600","80","90","80","130","110","110","3"
"382","Kyogre"," ","Water"," ","670","100","100","90","150","140","90","3"
"383","Groudon"," ","Ground"," ","670","100","150","140","100","90","90","3"
"384","Rayquaza"," ","Dragon","Flying","680","105","150","90","150","90","95","3"
"385","Jirachi"," ","Steel","Psychic","600","100","100","100","100","100","100","3"
"386","Deoxys","Normal Forme","Psychic"," ","600","50","150","50","150","50","150","3"
"386","Deoxys","Attack Forme","Psychic"," ","600","50","180","20","180","20","150","3"
"386","Deoxys","Defense Forme","Psychic"," ","600","50","70","160","70","160","90","3"
"386","Deoxys","Speed Forme","Psychic"," ","600","50","95","90","95","90","180","3"
